{"accuracy": [0.6003100872039795, 0.6815503835678101, 0.7100775241851807, 0.740155041217804, 0.7593798637390137, 0.7965891361236572, 0.8201550245285034, 0.8334883451461792, 0.8579844832420349, 0.8617054224014282, 0.8669767379760742, 0.8626356720924377, 0.8852713108062744, 0.8831007480621338, 0.8924031257629395, 0.8958139419555664, 0.9057364463806152, 0.9091472625732422, 0.9088371992111206, 0.9193798303604126, 0.9184496402740479, 0.9330232739448547, 0.9283720850944519, 0.9324030876159668, 0.9438759684562683, 0.940155029296875, 0.9407752156257629, 0.9466666579246521, 0.9488372206687927, 0.9562790989875793, 0.9497674703598022, 0.9519379734992981, 0.9593798518180847, 0.9503875970840454, 0.9562790989875793, 0.9646511673927307, 0.9646511673927307, 0.9643411040306091, 0.9646511673927307, 0.9643411040306091], "loss": [5.397500514984131, 4.710178852081299, 4.168127059936523, 3.7039098739624023, 3.305208921432495, 2.932938575744629, 2.6274194717407227, 2.3675074577331543, 2.140068531036377, 1.960282325744629, 1.8212978839874268, 1.7063069343566895, 1.568673849105835, 1.4654580354690552, 1.3780255317687988, 1.2901586294174194, 1.2072795629501343, 1.1501398086547852, 1.1113392114639282, 1.0490549802780151, 0.9999061226844788, 0.9403145909309387, 0.9087104797363281, 0.8763619661331177, 0.8262219429016113, 0.8074086308479309, 0.7826323509216309, 0.741902232170105, 0.7101873159408569, 0.6869736909866333, 0.6672064065933228, 0.6458694338798523, 0.6191157698631287, 0.6074569821357727, 0.5848442316055298, 0.5579503774642944, 0.5297809839248657, 0.5239848494529724, 0.5041342973709106, 0.4871225953102112], "val_accuracy": [0.7087979912757874, 0.7769516706466675, 0.7633209228515625, 0.7905824184417725, 0.6716232895851135, 0.729863703250885, 0.7063196897506714, 0.5898389220237732, 0.6579925417900085, 0.6232961416244507, 0.8574969172477722, 0.8587360382080078, 0.5873606204986572, 0.7335811853408813, 0.7930607199668884, 0.7608426213264465, 0.8203221559524536, 0.8228005170822144, 0.805452287197113, 0.8203221559524536, 0.7348203063011169, 0.8438661694526672, 0.6877323389053345, 0.816604733467102, 0.8723667860031128, 0.8513011336326599, 0.8513011336326599, 0.8029739856719971, 0.8847583532333374, 0.9256505370140076, 0.9182156324386597, 0.8698884844779968, 0.8686493039131165, 0.8773234486579895, 0.8748450875282288, 0.8748450875282288, 0.9045848846435547, 0.8228005170822144, 0.8934324383735657, 0.8537794351577759], "val_loss": [4.9886956214904785, 4.349692344665527, 3.861093759536743, 3.4679973125457764, 3.240417957305908, 2.8779008388519287, 2.729891538619995, 2.8142874240875244, 2.433727979660034, 2.4645745754241943, 1.7542345523834229, 1.6475909948349, 2.2986245155334473, 1.748970627784729, 1.5131384134292603, 1.571651816368103, 1.4028842449188232, 1.3115601539611816, 1.2952295541763306, 1.235714077949524, 1.410439372062683, 1.1336534023284912, 1.6383800506591797, 1.1462996006011963, 0.9765873551368713, 1.0206531286239624, 0.9498682022094727, 1.0968282222747803, 0.880929708480835, 0.7584226131439209, 0.7418234944343567, 0.8364453911781311, 0.8683749437332153, 0.7968617677688599, 0.8459861278533936, 0.804186224937439, 0.7280220985412598, 1.0229370594024658, 0.7078131437301636, 0.7734043598175049]}